<?xml version="1.0"?>

<suite parallel="tests" name="Listeners TestSuite">

<!-- <test name="Chrome Test"> <parameter name="browserType" value="chrome" /> <classes> <class name="tutorial.selenium.TestNG_MultiBrowserAndParallelTests"> </class> </classes> </test> -->


<listeners>

<listener class-name="utilities.SeleniumListeners"/>

</listeners>


<test name="FireFox Listeners Test">


<classes>

<class name="tutorial.selenium.TestNG_TestCase"> </class>

</classes>

</test>

</suite>